*,services,4789
*,management,1350
*,management,1476
*,blue-collar,0
*,management,747
*,self-employed,307
*,technician,147
*,entrepreneur,221
*,services,-88
*,services,9374
*,admin.,264
*,technician,1109
*,student,502
*,blue-collar,360
*,management,194
*,technician,4073
*,admin.,2317
*,blue-collar,-221
*,services,132
*,management,0
*,management,16
*,services,106
*,entrepreneur,93
*,housemaid,543
*,management,5883
*,blue-collar,627
*,retired,696
*,self-employed,784
*,admin.,105
*,retired,4189
*,technician,171
*,management,42
*,management,2536
*,technician,1235
*,admin.,1811
*,retired,229
*,blue-collar,2089
*,management,3935
*,services,363
*,management,11971
*,management,553
*,blue-collar,1117
*,technician,396
*,technician,2204
*,management,872
*,blue-collar,145
*,blue-collar,0
*,entrepreneur,-849
*,admin.,4629
*,blue-collar,844
*,technician,228
*,technician,50
*,technician,1539
*,blue-collar,2231
*,admin.,3064
*,management,82
*,self-employed,2155
*,retired,101
*,technician,784
*,blue-collar,-516
*,retired,415
*,management,5887
*,services,1355
*,admin.,16873
*,blue-collar,203
*,services,338
*,technician,444
*,management,0
*,technician,360
*,management,0
*,entrepreneur,2
*,management,6248
*,services,412
*,retired,344
*,management,3222
*,blue-collar,174
*,technician,591
*,blue-collar,388
*,unemployed,219
*,admin.,451
*,retired,5
*,admin.,177
*,services,657
*,management,1315
*,blue-collar,1466
*,technician,879
*,blue-collar,293
*,admin.,424
*,blue-collar,1831
*,blue-collar,111
*,blue-collar,455
*,services,-195
*,management,3616
*,blue-collar,14093
*,unknown,1567
*,admin.,5426
*,admin.,261
*,blue-collar,2843
*,unemployed,406
*,blue-collar,0
*,management,493
*,technician,5996
*,services,3777
*,management,524
*,management,574
*,blue-collar,427
*,self-employed,483
*,unemployed,3391
*,housemaid,0
*,student,2488
*,management,1517
*,self-employed,217
*,blue-collar,22
*,student,331
*,technician,505
*,services,1808
*,admin.,4111
*,blue-collar,52
*,management,25
*,admin.,1890
*,blue-collar,419
*,technician,2693
*,blue-collar,-231
*,management,-55
*,self-employed,462
*,unemployed,119
*,technician,586
*,blue-collar,228
*,retired,4659
*,blue-collar,168
*,blue-collar,0
*,blue-collar,-715
*,admin.,0
*,technician,769
*,management,0
*,admin.,428
*,management,0
*,management,-970
*,management,6313
*,management,948
*,management,0
*,services,1877
*,management,874
*,admin.,323
*,management,106
*,retired,1906
*,technician,1152
*,admin.,179
*,technician,391
*,entrepreneur,89
*,management,442
*,unemployed,-249
*,entrepreneur,8104
*,technician,501
*,technician,308
*,admin.,602
*,technician,273
*,self-employed,50
*,technician,1641
*,blue-collar,20
*,admin.,4590
*,admin.,-256
*,services,978
*,management,80
*,admin.,2104
*,housemaid,499
*,blue-collar,1269
*,technician,310
*,blue-collar,1143
*,technician,2980
*,management,37
*,admin.,462
*,admin.,1031
*,management,9009
*,admin.,-465
*,admin.,5181
*,admin.,176
*,unknown,1699
*,admin.,0
*,technician,172
*,services,0
*,admin.,6979
*,admin.,6
*,services,-62
*,self-employed,1972
*,admin.,899
*,services,21
*,technician,23
*,retired,-1206
*,blue-collar,0
*,self-employed,215
*,management,1372
*,services,1981
*,student,9216
*,retired,39
*,blue-collar,5563
*,services,1
*,technician,782
*,retired,3771
*,technician,992
*,technician,1526
*,technician,2658
*,management,1315
*,blue-collar,455
*,technician,0
*,technician,2030
*,technician,1599
*,services,-196
*,retired,1333
*,technician,9149
*,blue-collar,-350
*,technician,432
*,self-employed,11494
*,management,-253
*,management,372
*,technician,1410
*,blue-collar,975
*,blue-collar,305
*,services,400
*,retired,-22
*,technician,4030
*,blue-collar,365
*,self-employed,204
*,management,1691
*,services,406
*,technician,-204
*,technician,359
*,blue-collar,123
*,technician,0
*,unknown,142
*,entrepreneur,3571
*,technician,33
*,blue-collar,0
*,student,3096
*,technician,20
*,blue-collar,3576
*,technician,206
*,housemaid,7082
*,unemployed,1634
*,admin.,1
*,self-employed,4012
*,management,3762
*,admin.,-247
*,blue-collar,606
*,management,0
*,management,-189
*,unemployed,0
*,management,484
*,technician,0
*,management,395
*,management,2349
*,blue-collar,410
*,retired,3401
*,blue-collar,222
*,blue-collar,989
*,management,415
*,unemployed,16
*,technician,7190
*,blue-collar,482
*,housemaid,209
*,technician,0
*,technician,5803
*,entrepreneur,624
*,technician,883
*,self-employed,1516
*,student,872
*,technician,-988
*,admin.,902
*,services,1007
*,services,0
*,blue-collar,174
*,management,12186
*,self-employed,524
*,blue-collar,0
*,technician,4
*,housemaid,11219
*,technician,0
*,blue-collar,5776
*,blue-collar,37
*,self-employed,593
*,blue-collar,1148
*,blue-collar,3561
*,admin.,63
*,student,260
*,technician,2269
*,admin.,1060
*,self-employed,-220
*,management,49
*,admin.,69
*,blue-collar,4108
*,blue-collar,480
*,services,4994
*,technician,0
*,management,3681
*,entrepreneur,-701
*,management,451
*,blue-collar,-311
*,entrepreneur,593
*,blue-collar,759
*,retired,4531
*,retired,1840
*,blue-collar,345
*,blue-collar,1287
*,management,353
*,technician,205
*,entrepreneur,687
*,unemployed,1147
*,management,4286
*,admin.,605
*,blue-collar,8545
*,management,559
*,blue-collar,2
*,management,2
*,admin.,760
*,blue-collar,1317
*,blue-collar,182
*,admin.,276
*,entrepreneur,2971
*,unemployed,1064
*,admin.,1783
*,blue-collar,-67
*,self-employed,179
*,management,1199
*,blue-collar,214
*,technician,6699
*,unemployed,1760
*,entrepreneur,145
*,unemployed,978
*,admin.,1150
*,admin.,121
*,technician,828
*,admin.,244
*,services,228
*,management,424
*,management,447
*,blue-collar,-195
*,management,1410
*,retired,1084
*,self-employed,10924
*,management,832
*,retired,478
*,management,0
*,self-employed,3950
*,management,504
*,blue-collar,219
*,management,1602
*,management,2587
*,admin.,0
*,self-employed,2303
*,blue-collar,1660
*,management,32
*,management,278
*,management,4
*,management,318
*,services,209
*,services,271
*,management,3196
*,admin.,4099
*,student,2572
*,management,339
*,blue-collar,0
*,housemaid,395
*,blue-collar,2039
*,management,5450
*,student,780
*,technician,0
*,management,8436
*,technician,11262
*,entrepreneur,946
*,housemaid,497
*,retired,55
*,services,-140
*,technician,-379
*,admin.,-396
*,services,0
*,management,733
*,management,393
*,technician,7290
*,services,468
*,blue-collar,0
*,blue-collar,3705
*,retired,9676
*,services,1328
*,blue-collar,8
*,blue-collar,61
*,management,6613
*,technician,302
*,blue-collar,1005
*,services,109
*,management,1240
*,blue-collar,0
*,retired,2923
*,technician,0
*,blue-collar,43
*,technician,288
*,admin.,613
*,technician,6101
*,blue-collar,168
*,blue-collar,7685
*,technician,4515
*,blue-collar,517
*,blue-collar,148
*,retired,-285
*,blue-collar,887
*,self-employed,3098
*,technician,744
*,technician,130
*,management,438
*,admin.,0
*,management,322
*,blue-collar,186
*,retired,3810
*,management,0
*,blue-collar,4380
*,management,755
*,services,2070
*,blue-collar,999
*,self-employed,167
*,technician,1322
*,admin.,1076
*,management,502
*,technician,1216
*,management,876
*,services,342
*,blue-collar,950
*,blue-collar,973
*,technician,3825
*,blue-collar,2366
*,management,542
*,management,995
*,management,20
*,technician,228
*,blue-collar,130
*,management,217
*,entrepreneur,0
*,self-employed,259
*,admin.,619
*,management,644
*,management,22
*,admin.,4303
*,admin.,239
*,technician,275
*,management,1221
*,retired,816
*,blue-collar,1222
*,technician,2363
*,retired,2262
*,admin.,2
*,entrepreneur,2
*,technician,4508
*,admin.,-402
*,technician,1577
*,blue-collar,34
*,management,795
*,blue-collar,117
*,self-employed,5462
*,services,402
*,technician,641
*,management,36
*,unemployed,383
*,blue-collar,283
*,management,0
*,blue-collar,3102
*,blue-collar,889
*,housemaid,0
*,self-employed,-370
*,management,-606
*,management,10378
*,blue-collar,1313
*,management,8969
*,self-employed,-196
*,entrepreneur,15
*,admin.,4608
*,management,666
*,blue-collar,452
*,blue-collar,149
*,retired,7802
*,services,1453
*,blue-collar,1480
*,management,715
*,management,237
*,technician,694
*,management,0
*,management,55
*,housemaid,136
*,services,-404
*,blue-collar,779
*,blue-collar,1187
*,management,641
*,blue-collar,826
*,services,991
*,admin.,1796
*,admin.,22
*,technician,244
*,management,1328
*,housemaid,7317
*,technician,4943
*,technician,258
*,management,515
*,management,12607
*,admin.,2
*,management,13
*,student,103
*,management,3872
*,unemployed,296
*,self-employed,217
*,self-employed,360
*,blue-collar,428
*,blue-collar,315
*,blue-collar,121
*,management,820
*,technician,195
*,management,108
*,management,-381
*,unemployed,757
*,technician,691
*,blue-collar,1925
*,management,902
*,retired,5207
*,services,0
*,entrepreneur,665
*,admin.,738
*,blue-collar,233
*,services,-839
*,retired,5799
*,admin.,1033
*,unemployed,66
*,services,2567
*,management,1584
*,services,182
*,management,76
*,admin.,663
*,technician,3455
*,blue-collar,15
*,blue-collar,1054
*,management,1529
*,management,63
*,technician,0
*,admin.,920
*,admin.,3696
*,technician,59
*,services,0
*,blue-collar,157
*,admin.,2465
*,blue-collar,0
*,self-employed,2
*,management,0
*,management,12437
*,student,378
*,blue-collar,211
*,technician,-228
*,retired,2747
*,self-employed,1932
*,technician,11269
*,admin.,1314
*,blue-collar,2275
*,management,1304
*,blue-collar,720
*,technician,2914
*,technician,1464
*,student,11555
*,services,-302
*,technician,2497
*,blue-collar,-339
*,technician,56
*,self-employed,211
*,management,3611
*,unemployed,0
*,student,459
*,entrepreneur,242
*,self-employed,1138
*,management,1319
*,retired,1
*,services,67
*,retired,937
*,services,0
*,management,-558
*,blue-collar,171
*,technician,696
*,management,361
*,technician,227
*,admin.,236
*,management,-53
*,technician,192
*,management,38
*,self-employed,518
*,self-employed,16
*,blue-collar,-256
*,blue-collar,105
*,self-employed,334
*,technician,1048
*,services,108
*,technician,660
*,unemployed,0
*,entrepreneur,1034
*,housemaid,201
*,housemaid,189
*,retired,-49
*,technician,1413
*,retired,264
*,entrepreneur,54
*,blue-collar,12519
*,services,2881
*,blue-collar,0
*,admin.,88
*,blue-collar,1020
*,technician,119
*,unemployed,1594
*,technician,342
*,services,72
*,blue-collar,14
*,entrepreneur,81
*,self-employed,231
*,technician,1161
*,blue-collar,-45
*,management,231
*,management,36
*,technician,1570
*,technician,7050
*,blue-collar,3704
*,technician,6619
*,blue-collar,-84
*,management,1509
*,self-employed,1134
*,technician,146
*,management,9449
*,retired,374
*,technician,88
*,management,2764
*,management,2
*,technician,8023
*,blue-collar,289
*,retired,0
*,self-employed,1382
*,management,280
*,blue-collar,2195
*,self-employed,33
*,blue-collar,275
*,management,703
*,admin.,887
*,unknown,0
*,admin.,1178
*,management,2763
*,entrepreneur,890
*,self-employed,548
*,technician,272
*,management,6269
*,entrepreneur,178
*,management,252
*,housemaid,23663
*,entrepreneur,81
*,self-employed,59
*,services,1343
*,retired,225
*,retired,0
*,retired,2538
*,retired,43
*,technician,57
*,management,-117
*,technician,666
*,management,0
*,technician,25
*,entrepreneur,1034
*,blue-collar,324
*,technician,0
*,management,0
*,management,621
*,retired,138
*,technician,4063
*,blue-collar,11084
*,technician,310
*,entrepreneur,73
*,management,1808
*,unemployed,1281
*,technician,64
*,management,2
*,blue-collar,60
*,services,133
*,housemaid,3706
*,admin.,174
*,technician,251
*,self-employed,4153
*,technician,985
*,services,168
*,services,1550
*,management,7708
*,blue-collar,-12
*,management,6483
*,technician,60
*,technician,3339
*,student,1161
*,blue-collar,599
*,entrepreneur,28
*,management,1430
*,retired,35
*,self-employed,6000
*,technician,0
*,blue-collar,340
*,entrepreneur,0
*,services,3
*,technician,445
*,management,874
*,blue-collar,705
*,retired,1033
*,self-employed,1354
*,technician,123
*,retired,8894
*,blue-collar,429
*,housemaid,14752
*,blue-collar,67
*,housemaid,39
*,technician,102
*,student,1790
*,management,15311
*,admin.,-635
*,blue-collar,115
*,management,10786
*,blue-collar,498
*,blue-collar,1045
*,entrepreneur,810
*,technician,-162
*,management,55
*,services,586
*,technician,455
*,management,1010
*,management,509
*,student,2929
*,technician,3071
*,management,153
*,self-employed,1146
*,blue-collar,1092
*,management,3463
*,admin.,1158
*,admin.,26
*,services,566
*,technician,204
*,technician,480
*,technician,1855
*,services,1034
*,management,3250
*,management,1633
*,services,0
*,retired,3334
*,management,4020
*,management,66
*,technician,-41
*,blue-collar,322
*,entrepreneur,2643
*,blue-collar,49
*,admin.,1
*,admin.,3098
*,blue-collar,352
*,technician,65
*,blue-collar,1949
*,admin.,739
*,management,1167
*,admin.,231
*,blue-collar,1136
*,entrepreneur,233
*,admin.,817
*,blue-collar,1128
*,management,1831
*,technician,450
*,services,0
*,management,414
*,management,1052
*,admin.,1022
*,admin.,343
*,management,1944
*,blue-collar,-32
*,technician,1781
*,management,350
*,unemployed,2
*,blue-collar,111
*,management,168
*,technician,3
*,technician,102
*,blue-collar,0
*,unknown,159
*,blue-collar,1134
*,blue-collar,352
*,management,865
*,blue-collar,179
*,blue-collar,5
*,student,-230
*,management,0
*,blue-collar,3924
*,technician,764
*,blue-collar,511
*,management,4348
*,management,3016
*,student,279
*,management,1405
*,blue-collar,908
*,management,162
*,services,792
*,management,111
*,student,1281
*,services,1012
*,management,2881
*,blue-collar,445
*,management,643
*,housemaid,254
*,management,-1212
*,technician,2125
*,technician,629
*,blue-collar,-202
*,technician,271
*,management,703
*,blue-collar,-216
*,services,88
*,admin.,16
*,management,466
*,technician,-75
*,blue-collar,456
*,technician,77
*,services,-244
*,blue-collar,1209
*,services,58
*,management,421
*,management,112
*,self-employed,13669
*,management,1429
*,technician,794
*,entrepreneur,1957
*,technician,454
*,blue-collar,882
*,unemployed,168
*,management,714
*,management,0
*,blue-collar,1996
*,retired,163
*,admin.,3190
*,unemployed,1772
*,services,-151
*,housemaid,16
*,services,7066
*,technician,454
*,entrepreneur,4798
*,technician,-298
*,technician,439
*,services,1927
*,management,671
*,services,65
*,technician,-932
*,technician,4366
*,retired,0
*,blue-collar,4900
*,housemaid,976
*,management,148
*,blue-collar,5
*,management,-148
*,technician,113
*,management,-105
*,management,624
*,technician,-1680
*,blue-collar,-461
*,technician,144
*,entrepreneur,4
*,blue-collar,309
*,management,866
*,admin.,1020
*,self-employed,489
*,management,8167
*,blue-collar,-255
*,retired,3671
*,blue-collar,636
*,technician,141
*,technician,150
*,technician,839
*,housemaid,26965
*,technician,716
*,technician,2485
*,management,15030
*,admin.,11303
*,entrepreneur,595
*,management,19358
*,self-employed,203
*,technician,183
*,admin.,255
*,technician,102
*,housemaid,94
*,entrepreneur,58
*,management,606
*,technician,0
*,technician,65
*,blue-collar,338
*,blue-collar,757
*,management,9269
*,blue-collar,1206
*,management,882
*,student,5291
*,management,61
*,technician,0
*,blue-collar,1407
*,technician,25
*,blue-collar,1354
*,blue-collar,793
*,blue-collar,10287
*,technician,5235
*,technician,3
*,technician,409
*,admin.,35
*,management,-459
*,services,198
*,blue-collar,99
*,management,60
*,services,3485
*,entrepreneur,-139
*,blue-collar,952
*,retired,1427
*,technician,1017
*,management,-29
*,technician,9
*,management,4040
*,blue-collar,13
*,self-employed,1259
*,admin.,18
*,blue-collar,-76
*,technician,221
*,management,136
*,blue-collar,16353
*,blue-collar,-63
*,housemaid,7353
*,blue-collar,511
*,admin.,3913
*,technician,1097
*,retired,6102
*,admin.,340
*,blue-collar,-119
*,admin.,2993
*,management,3575
*,blue-collar,361
*,management,1072
*,blue-collar,2904
*,entrepreneur,1790
*,blue-collar,86
*,technician,1633
*,management,8312
*,blue-collar,172
*,management,0
*,management,222
*,technician,109
*,blue-collar,1451
*,technician,1066
*,management,3163
*,services,888
*,blue-collar,428
*,management,106
*,technician,0
*,management,979
*,admin.,2662
*,management,84
*,retired,5920
*,management,816
*,unemployed,3276
*,management,2
*,technician,-51
*,technician,3315
*,technician,196
*,blue-collar,552
*,admin.,2347
*,blue-collar,3723
*,management,255
*,management,3143
*,self-employed,0
*,blue-collar,6411
*,management,1909
*,blue-collar,3873
*,self-employed,1013
*,admin.,262
*,services,3217
*,technician,5436
*,blue-collar,2067
*,blue-collar,215
*,services,1594
*,self-employed,134
*,entrepreneur,262
*,blue-collar,3021
*,management,388
*,blue-collar,3412
*,blue-collar,1291
*,technician,79
*,self-employed,2013
*,blue-collar,543
*,management,1016
*,blue-collar,604
*,management,525
*,retired,353
*,management,964
*,admin.,3913
*,blue-collar,879
*,admin.,314
*,housemaid,0
*,blue-collar,1370
*,management,37
*,management,673
*,services,-342
*,student,291
*,technician,209
*,technician,438
*,admin.,1242
*,entrepreneur,355
*,blue-collar,204
*,management,10758
*,management,5
*,technician,410
*,management,605
*,management,4
*,student,8494
*,entrepreneur,198
*,blue-collar,841
*,management,8
*,admin.,470
*,retired,520
*,blue-collar,439
*,blue-collar,-454
*,retired,466
*,retired,665
*,technician,994
*,admin.,5346
*,blue-collar,1243
*,admin.,0
*,blue-collar,2357
*,retired,1044
*,admin.,1069
*,housemaid,231
*,admin.,0
*,technician,266
*,management,-70
*,retired,25824
*,management,538
*,technician,534
*,admin.,2323
*,admin.,1852
*,technician,2647
*,management,2767
*,management,176
*,management,9720
*,blue-collar,1613
*,admin.,2903
*,admin.,81
*,blue-collar,780
*,unemployed,178
*,management,299
*,retired,285
*,blue-collar,872
*,services,1337
*,services,72
*,blue-collar,0
*,blue-collar,-388
*,admin.,11
*,blue-collar,-535
*,services,787
*,management,3343
*,entrepreneur,3904
*,management,736
*,management,1390
*,retired,808
*,management,1147
*,services,1122
*,technician,-568
*,blue-collar,1165
*,services,-905
*,unemployed,0
*,technician,740
*,management,8262
*,admin.,14
*,technician,7108
*,blue-collar,1049
*,blue-collar,0
*,housemaid,419
*,management,726
*,technician,594
*,unemployed,454
*,unknown,2206
*,admin.,1988
*,technician,0
*,admin.,202
*,blue-collar,667
*,admin.,112
*,housemaid,50
*,housemaid,768
*,services,74
*,blue-collar,661
*,self-employed,3025
*,self-employed,751
*,management,416
*,services,14
*,blue-collar,-502
*,blue-collar,0
*,technician,599
*,management,-218
*,technician,1012
*,technician,300
*,technician,217
*,management,2096
*,technician,0
*,housemaid,5278
*,management,1831
*,management,1480
*,management,7289
*,blue-collar,1665
*,blue-collar,851
*,management,2885
*,blue-collar,137
*,blue-collar,1239
*,management,146
*,technician,1
*,blue-collar,-10
*,technician,480
*,technician,2789
*,technician,3897
*,technician,487
*,admin.,5110
*,management,318
*,technician,-411
*,retired,4820
*,management,4937
*,entrepreneur,725
*,entrepreneur,5403
*,technician,4089
*,technician,188
*,technician,189
*,blue-collar,2998
*,retired,610
*,management,787
*,technician,167
*,management,243
*,management,877
*,admin.,2817
*,management,4567
*,services,127
*,blue-collar,176
*,retired,0
*,services,1482
*,blue-collar,3052
*,technician,56
*,entrepreneur,278
*,management,3875
*,technician,-337
*,management,366
*,housemaid,501
*,management,998
*,self-employed,0
*,management,246
*,blue-collar,-182
*,management,446
*,retired,1173
*,technician,5957
*,admin.,205
*,admin.,0
*,management,369
*,admin.,1934
*,technician,259
*,blue-collar,284
*,blue-collar,23
*,management,1373
*,management,62
*,blue-collar,157
*,unemployed,991
*,services,186
*,unemployed,977
*,self-employed,2893
*,blue-collar,1897
*,technician,5514
*,blue-collar,889
*,management,273
*,admin.,1193
*,management,2729
*,admin.,0
*,blue-collar,230
*,technician,2729
*,management,317
*,housemaid,517
*,management,-470
*,self-employed,4579
*,blue-collar,1
*,management,5106
*,technician,636
*,services,1076
*,management,126
*,self-employed,-33
*,technician,430
*,admin.,-6
*,technician,383
*,technician,130
*,blue-collar,2569
*,technician,201
*,retired,0
*,blue-collar,6
*,entrepreneur,475
*,blue-collar,706
*,management,1825
*,self-employed,185
*,blue-collar,4415
*,management,679
*,technician,320
*,management,2988
*,self-employed,1407
*,technician,1270
*,services,654
*,retired,5173
*,entrepreneur,3463
*,blue-collar,0
*,management,6016
*,entrepreneur,177
*,management,3694
*,retired,1640
*,admin.,174
*,admin.,10177
*,management,490
*,self-employed,2576
*,services,0
*,technician,598
*,management,15459
*,blue-collar,271
*,unknown,2508
*,blue-collar,320
*,admin.,640
*,self-employed,1772
*,admin.,15
*,management,2370
*,services,201
*,blue-collar,160
*,admin.,5
*,blue-collar,75
*,admin.,4902
*,blue-collar,-79
*,retired,1341
*,services,490
*,technician,1521
*,blue-collar,131
*,management,8
*,services,-632
*,admin.,116
*,admin.,189
*,blue-collar,2
*,blue-collar,4229
*,services,54
*,student,549
*,blue-collar,298
*,retired,579
*,entrepreneur,1467
*,admin.,0
*,management,109
*,management,-11
*,services,90
*,blue-collar,493
*,management,1897
*,admin.,2403
*,entrepreneur,868
*,entrepreneur,653
*,unemployed,0
*,technician,0
*,services,218
*,blue-collar,5050
*,blue-collar,741
*,services,1050
*,services,-56
*,blue-collar,1
*,blue-collar,-98
*,technician,4667
*,unemployed,541
*,unemployed,7744
*,unknown,895
*,unemployed,-129
*,admin.,0
*,technician,158
*,admin.,122
*,blue-collar,673
*,technician,0
*,services,411
*,blue-collar,-97
*,blue-collar,-217
*,management,5037
*,admin.,2232
*,blue-collar,-932
*,management,913
*,technician,236
*,entrepreneur,0
*,blue-collar,2581
*,admin.,639
*,blue-collar,849
*,services,386
*,management,1218
*,management,2603
*,blue-collar,-921
*,admin.,607
*,blue-collar,79
*,technician,61
*,technician,1091
*,management,743
*,entrepreneur,209
*,management,172
*,entrepreneur,2
*,management,41
*,student,1116
*,blue-collar,-55
*,retired,5845
*,management,329
*,blue-collar,494
*,management,1519
*,entrepreneur,2685
*,blue-collar,-14
*,services,5673
*,blue-collar,1459
*,technician,0
*,management,625
*,student,0
*,services,867
*,retired,8304
*,management,151
*,services,-583
*,blue-collar,1784
*,management,3134
*,self-employed,49
*,technician,-346
*,management,1623
*,management,60
*,services,17
*,blue-collar,2008
*,blue-collar,91
*,entrepreneur,171
*,management,1027
*,services,5801
*,blue-collar,142
*,management,205
*,admin.,852
*,blue-collar,-584
*,self-employed,97
*,admin.,204
*,technician,628
*,management,311
*,blue-collar,1564
*,blue-collar,856
*,management,1509
*,services,-888
*,technician,226
*,technician,127
*,services,413
*,admin.,710
*,technician,1233
*,management,171
*,management,69
*,admin.,1499
*,self-employed,751
*,management,61
*,retired,425
*,services,2923
*,management,99
*,student,1021
*,technician,1146
*,blue-collar,781
*,admin.,1448
*,management,604
*,admin.,-194
*,technician,0
*,housemaid,0
*,technician,1014
*,admin.,73
*,services,2597
*,self-employed,2627
*,management,1906
*,blue-collar,-319
*,management,-296
*,technician,169
*,self-employed,556
*,retired,300
*,technician,751
*,technician,126
*,technician,-386
*,blue-collar,379
*,self-employed,706
*,technician,9121
*,management,1466
*,blue-collar,0
*,blue-collar,951
*,admin.,368
*,blue-collar,121
*,services,204
*,admin.,299
*,management,4170
*,blue-collar,-335
*,admin.,3165
*,services,254
*,management,553
*,services,518
*,management,85
*,blue-collar,603
*,services,361
*,blue-collar,-98
*,retired,4424
*,technician,2610
*,technician,3234
*,blue-collar,687
*,blue-collar,631
*,technician,341
*,technician,316
*,technician,2
*,management,415
*,management,507
*,blue-collar,912
*,management,0
*,blue-collar,37
*,admin.,2524
*,unemployed,9019
*,blue-collar,39
*,blue-collar,0
*,technician,265
*,blue-collar,0
*,admin.,4012
*,blue-collar,1520
*,blue-collar,-140
*,retired,852
*,blue-collar,578
*,blue-collar,0
*,services,2253
*,management,1171
*,technician,452
*,admin.,-97
*,retired,4738
*,admin.,467
*,student,0
*,management,495
*,entrepreneur,157
*,self-employed,358
*,services,292
*,blue-collar,7343
*,blue-collar,-563
*,retired,351
*,unknown,365
*,blue-collar,13494
*,admin.,846
*,retired,1574
*,entrepreneur,-28
*,retired,0
*,retired,2927
*,blue-collar,501
*,housemaid,1238
*,unknown,301
*,retired,1388
*,technician,102
*,technician,13
*,self-employed,413
*,technician,4665
*,admin.,638
*,blue-collar,101
*,management,1224
*,self-employed,1103
*,services,3748
*,technician,955
*,admin.,518
*,services,1893
*,technician,14
*,admin.,-423
*,management,3696
*,management,2987
*,technician,433
*,technician,756
*,technician,0
*,unknown,2727
*,technician,93
*,blue-collar,1766
*,services,124
*,admin.,69
*,services,0
*,management,0
*,technician,259
*,blue-collar,4103
*,technician,744
*,services,116
*,blue-collar,70
*,admin.,432
*,management,1172
*,blue-collar,9
*,services,428
*,technician,7546
*,blue-collar,620
*,self-employed,8647
*,management,192
*,blue-collar,0
*,technician,27733
*,entrepreneur,276
*,technician,113
*,technician,782
*,entrepreneur,82
*,management,1008
*,unknown,6421
*,admin.,443
*,technician,351
*,technician,5060
*,technician,-41
*,services,-124
*,blue-collar,79
*,unemployed,3945
*,retired,197
*,blue-collar,837
*,management,-94
*,services,1743
*,technician,57
*,admin.,635
*,retired,-113
*,admin.,225
*,admin.,124
*,entrepreneur,475
*,management,-7
*,technician,375
*,admin.,936
*,technician,1415
*,unemployed,0
*,admin.,3638
*,blue-collar,-99
*,technician,167
*,housemaid,19
*,self-employed,242
*,unknown,13
*,technician,286
*,unemployed,769
*,management,93
*,blue-collar,1663
*,entrepreneur,238
*,technician,2178
*,blue-collar,792
*,blue-collar,871
*,admin.,1025
*,technician,63
*,blue-collar,16
*,management,417
*,services,3992
*,blue-collar,2749
*,technician,133
*,blue-collar,1721
*,management,2171
*,services,4760
*,technician,2979
*,management,690
*,blue-collar,203
*,blue-collar,322
*,admin.,1210
*,self-employed,634
*,entrepreneur,273
*,student,47
*,management,1100
*,admin.,0
*,blue-collar,0
*,entrepreneur,1544
*,services,6145
*,self-employed,28
*,blue-collar,1012
*,blue-collar,245
*,management,1998
*,blue-collar,3990
*,services,1328
*,entrepreneur,412
*,management,229
*,student,1562
*,admin.,3432
*,admin.,144
*,management,1339
*,services,386
*,blue-collar,7727
*,entrepreneur,204
*,blue-collar,101
*,unemployed,728
*,entrepreneur,2418
*,management,2934
*,technician,0
*,unknown,181
*,management,176
*,blue-collar,49
*,blue-collar,2023
*,blue-collar,372
*,management,7702
*,blue-collar,464
*,management,117
*,admin.,104
*,management,1041
*,management,539
*,blue-collar,0
*,technician,406
*,blue-collar,2558
*,blue-collar,484
*,services,3516
*,blue-collar,5639
*,management,100
*,admin.,1306
*,management,815
*,blue-collar,245
*,blue-collar,191
*,retired,2815
*,self-employed,3672
*,services,1572
*,unemployed,385
*,technician,29
*,technician,84
*,self-employed,876
*,services,1499
*,student,0
*,management,6217
*,blue-collar,329
*,admin.,162
*,technician,14533
*,management,151
*,services,-2
*,blue-collar,4684
*,management,1149
*,blue-collar,11
*,management,8004
*,blue-collar,1019
*,management,1297
*,management,415
*,self-employed,671
*,admin.,2378
*,management,417
*,retired,71
*,management,1188
*,blue-collar,8139
*,blue-collar,249
*,blue-collar,689
*,self-employed,203
*,blue-collar,-183
*,blue-collar,3451
*,technician,116
*,services,1746
*,technician,0
*,blue-collar,897
*,technician,821
*,blue-collar,130
*,management,1
*,blue-collar,8
*,technician,55
*,blue-collar,699
*,unemployed,759
*,blue-collar,687
*,retired,4968
*,blue-collar,1211
*,self-employed,426
*,entrepreneur,376
*,management,12
*,blue-collar,23
*,admin.,353
*,services,330
*,management,0
*,entrepreneur,353
*,technician,2273
*,management,0
*,unemployed,744
*,services,608
*,admin.,356
*,blue-collar,1291
*,technician,-306
*,blue-collar,306
*,blue-collar,-312
*,technician,493
*,management,71
*,admin.,669
*,blue-collar,556
*,services,84
*,services,108
*,admin.,-11
*,blue-collar,1164
*,blue-collar,-191
*,blue-collar,132
*,blue-collar,2237
*,management,4761
*,blue-collar,-346
*,unemployed,655
*,management,1048
*,services,0
*,blue-collar,624
*,services,1784
*,admin.,1281
*,technician,569
*,blue-collar,1666
*,admin.,168
*,self-employed,263
*,blue-collar,-405
*,self-employed,279
*,technician,0
*,unknown,300
*,unemployed,415
*,admin.,0
*,blue-collar,1322
*,services,1062
*,technician,302
*,technician,809
*,housemaid,-278
*,management,3238
*,admin.,751
*,blue-collar,-28
*,management,0
*,technician,2442
*,unemployed,1798
*,admin.,132
*,management,260
*,blue-collar,7
*,management,3283
*,technician,323
*,management,2960
*,unemployed,486
*,retired,343
*,unemployed,507
*,management,5958
*,student,304
*,blue-collar,118
*,self-employed,123
*,management,76
*,admin.,70
*,unemployed,960
*,technician,2185
*,blue-collar,309
*,blue-collar,2190
*,technician,0
*,admin.,3732
*,technician,1550
*,admin.,62
*,blue-collar,704
*,management,4415
*,blue-collar,4
*,retired,262
*,management,238
*,blue-collar,97
*,technician,410
*,student,1191
*,retired,-47
*,technician,197
*,blue-collar,6
*,admin.,2398
*,management,630
*,retired,235
*,management,1910
*,management,3172
*,blue-collar,872
*,blue-collar,407
*,admin.,100
*,housemaid,345
*,management,2058
*,housemaid,889
*,admin.,0
*,management,51
*,retired,150
*,self-employed,34
*,services,795
*,blue-collar,282
*,management,2139
*,management,-469
*,admin.,197
*,technician,825
*,housemaid,3232
*,management,1598
*,services,871
*,services,83
*,management,1445
*,technician,226
*,management,-55
*,admin.,243
*,blue-collar,-336
*,admin.,3672
*,technician,0
*,technician,251
*,self-employed,44
*,blue-collar,2887
*,admin.,1992
*,blue-collar,2
*,technician,1415
*,management,297
*,technician,1094
*,self-employed,-84
*,blue-collar,-1
*,management,347
*,management,1253
*,unemployed,4565
*,management,781
*,management,7124
*,management,17555
*,management,5172
*,management,15520
*,technician,13711
*,management,1533
*,management,286
*,blue-collar,-219
*,management,0
*,blue-collar,810
*,blue-collar,300
*,services,1175
*,management,0
*,services,113
*,blue-collar,641
*,technician,1477
*,admin.,0
*,services,8
*,admin.,399
*,admin.,-435
*,admin.,2830
*,management,15
*,technician,125
*,technician,45
*,technician,13
*,entrepreneur,0
*,blue-collar,579
*,services,432
*,services,1987
*,management,857
*,retired,15834
*,management,3370
*,management,6290
*,admin.,808
*,services,4075
*,blue-collar,373
*,admin.,-101
*,services,3250
*,management,1375
*,management,180
*,technician,175
*,services,381
*,blue-collar,2171
*,technician,340
*,technician,10
*,admin.,4958
*,housemaid,21244
*,management,156
*,technician,473
*,admin.,781
*,entrepreneur,0
*,technician,1819
*,management,4374
*,entrepreneur,456
*,technician,253
*,services,774
*,admin.,-59
*,services,-81
*,blue-collar,0
*,management,0
*,management,-3
*,blue-collar,2488
*,technician,3
*,management,839
*,blue-collar,103
*,technician,316
*,technician,1680
*,retired,7179
*,services,247
*,management,8295
*,services,261
*,self-employed,95
*,technician,291
*,blue-collar,2240
*,entrepreneur,0
*,management,1295
*,blue-collar,324
*,technician,669
*,blue-collar,4143
*,management,2646
*,technician,618
*,management,541
*,services,434
*,blue-collar,622
*,blue-collar,0
*,management,99
*,services,290
*,blue-collar,1230
*,admin.,45
*,admin.,923
*,management,950
*,retired,1503
*,technician,65
*,management,-679
*,management,773
*,student,10788
*,services,991
*,admin.,247
*,blue-collar,4143
*,blue-collar,-406
*,blue-collar,180
*,blue-collar,-887
*,services,4157
*,technician,1386
*,services,2211
*,management,-495
*,management,27359
*,technician,440
*,blue-collar,135
*,technician,-735
*,technician,60
*,technician,902
*,management,18347
*,blue-collar,-72
*,management,1205
*,technician,499
*,management,656
*,services,100
*,technician,69
*,technician,619
*,services,192
*,management,0
*,management,87
*,management,3228
*,management,1361
*,student,0
*,student,34
*,technician,318
*,retired,197
*,student,0
*,management,273
*,blue-collar,15
*,management,7813
*,technician,-27
*,technician,75
*,retired,1139
*,blue-collar,115
*,blue-collar,0
*,housemaid,7195
*,services,-477
*,management,1026
*,entrepreneur,3921
*,unemployed,980
*,blue-collar,-179
*,admin.,2552
*,entrepreneur,1729
*,technician,434
*,admin.,-300
*,retired,4785
*,technician,-329
*,services,0
*,technician,391
*,retired,4657
*,student,3472
*,unemployed,705
*,services,255
*,blue-collar,4365
*,management,350
*,blue-collar,474
*,technician,489
*,entrepreneur,757
*,management,695
*,unemployed,-770
*,self-employed,80
*,technician,315
*,student,213
*,housemaid,0
*,management,2169
*,admin.,212
*,blue-collar,333
*,blue-collar,4404
*,services,257
*,unemployed,3188
*,technician,3083
*,retired,226
*,services,1260
*,entrepreneur,1410
*,admin.,6046
*,admin.,980
*,retired,-37
*,management,-154
*,retired,680
*,technician,799
*,management,-1164
*,blue-collar,2523
*,blue-collar,98
*,blue-collar,3419
*,unemployed,343
*,management,852
*,blue-collar,50
*,management,0
*,blue-collar,10
*,blue-collar,950
*,management,0
*,management,175
*,technician,-259
*,management,6217
*,technician,-1310
*,blue-collar,139
*,technician,7138
*,admin.,1111
*,blue-collar,113
*,management,-612
*,blue-collar,310
*,unemployed,-186
*,admin.,2038
*,self-employed,833
*,blue-collar,625
*,technician,105
*,blue-collar,551
*,student,145
*,management,618
*,services,1063
*,admin.,985
*,blue-collar,2926
*,admin.,-449
*,entrepreneur,66
*,admin.,0
*,management,419
*,management,4758
*,admin.,-23
*,management,1573
*,blue-collar,77
*,services,1378
*,blue-collar,-73
*,blue-collar,60
*,blue-collar,137
*,admin.,1583
*,admin.,-121
*,blue-collar,1065
*,unemployed,-13
*,blue-collar,1869
*,technician,4787
*,technician,-183
*,blue-collar,702
*,management,1494
*,blue-collar,0
*,management,46
*,blue-collar,609
*,retired,4079
*,management,0
*,technician,7876
*,technician,925
*,management,7010
*,blue-collar,42
*,blue-collar,285
*,technician,0
*,management,3170
*,admin.,8
*,self-employed,216
*,management,2975
*,admin.,894
*,blue-collar,490
*,entrepreneur,245
*,management,0
*,management,150
*,management,4
*,management,1727
*,blue-collar,664
*,technician,473
*,technician,0
*,management,-192
*,management,1942
*,blue-collar,5137
*,management,13044
*,blue-collar,1053
*,retired,154
*,blue-collar,625
*,unemployed,255
*,management,529
*,management,318
*,services,1903
*,unknown,1937
*,management,3859
*,technician,4198
*,blue-collar,230
*,admin.,747
*,admin.,263
*,technician,-46
*,retired,0
*,technician,568
*,technician,1469
*,technician,18
*,management,201
*,blue-collar,1412
*,blue-collar,-93
*,services,-331
*,blue-collar,486
*,blue-collar,694
*,management,2806
*,unemployed,0
*,management,2959
*,housemaid,22
*,technician,1167
*,management,35
*,retired,8304
*,services,4760
*,management,-1313
*,blue-collar,697
*,technician,230
*,retired,473
*,technician,1427
*,management,201
*,self-employed,1086
*,management,4335
*,services,44
*,unknown,286
*,blue-collar,216
*,admin.,214
*,blue-collar,343
*,blue-collar,-77
*,blue-collar,1046
*,student,1566
*,management,592
*,management,104
*,blue-collar,0
*,services,-22
*,services,0
*,technician,72
*,technician,100
*,blue-collar,319
*,management,9339
*,management,50
*,retired,32
*,management,6922
*,management,633
*,technician,4265
*,entrepreneur,2262
*,services,1970
*,self-employed,1513
*,entrepreneur,4659
*,entrepreneur,668
*,management,649
*,blue-collar,452
*,admin.,-145
*,blue-collar,-498
*,management,0
*,admin.,22
*,admin.,2304
*,management,1412
*,housemaid,145
*,management,4897
*,housemaid,1832
*,blue-collar,3726
*,unemployed,591
*,retired,0
*,student,508
*,unemployed,817
*,technician,348
*,management,291
*,technician,3554
*,blue-collar,781
*,technician,267
*,blue-collar,1327
*,admin.,-306
*,blue-collar,864
*,housemaid,1265
*,admin.,0
*,technician,214
*,retired,425
*,housemaid,3
*,management,0
*,blue-collar,0
*,technician,282
*,entrepreneur,0
*,housemaid,3727
*,blue-collar,0
*,services,864
*,management,4089
*,blue-collar,-478
*,unemployed,-363
*,self-employed,8883
*,technician,1970
*,management,1859
*,technician,1059
*,services,388
*,blue-collar,602
*,services,0
*,blue-collar,255
*,blue-collar,63
*,self-employed,712
*,services,57
*,retired,523
*,management,422
*,services,386
*,management,3387
*,technician,260
*,admin.,-1
*,technician,1490
*,services,497
*,technician,1707
*,technician,826
*,blue-collar,907
*,services,1836
*,entrepreneur,404
*,management,907
*,technician,18
*,blue-collar,-495
*,services,1210
*,services,819
*,management,442
*,blue-collar,-46
*,student,671
*,technician,371
*,technician,-3
*,management,11
*,blue-collar,33
*,entrepreneur,104
*,blue-collar,174
*,management,3107
*,services,1438
*,blue-collar,1367
*,blue-collar,-11
*,admin.,1693
*,blue-collar,778
*,technician,837
*,management,363
*,admin.,236
*,admin.,0
*,management,-50
*,entrepreneur,4
*,management,26306
*,admin.,46
*,technician,575
*,admin.,148
*,services,431
*,technician,777
*,management,199
*,technician,3552
*,services,47
*,admin.,3823
*,management,138
*,admin.,1117
*,blue-collar,1325
*,retired,0
*,entrepreneur,4343
*,management,1598
*,management,3301
*,student,822
*,technician,-280
*,management,1534
*,admin.,1671
*,self-employed,2007
*,blue-collar,0
*,technician,2776
*,blue-collar,139
*,management,573
*,admin.,475
*,blue-collar,47
*,management,2154
*,self-employed,96
*,entrepreneur,83
*,management,6766
*,technician,3973
*,services,372
*,blue-collar,-552
*,self-employed,48
*,technician,7696
*,services,4500
*,technician,1
*,management,46
*,admin.,-18
*,services,451
*,self-employed,479
*,blue-collar,0
*,technician,1130
*,blue-collar,389
*,admin.,10
*,services,401
*,housemaid,145
*,technician,115
*,admin.,89
*,technician,94
*,services,1438
*,unemployed,780
*,management,207
*,management,238
*,blue-collar,2433
*,housemaid,1924
*,unemployed,-471
*,management,1531
*,management,764
*,blue-collar,383
*,retired,3782
*,management,326
*,services,691
*,technician,0
*,management,99
*,retired,502
*,management,-15
*,management,1929
*,admin.,0
*,blue-collar,185
*,management,-424
*,services,0
*,retired,319
*,management,171
*,technician,-1148
*,blue-collar,-11
*,admin.,0
*,management,-206
*,blue-collar,704
*,technician,1931
*,technician,943
*,technician,327
*,management,-105
*,retired,983
*,blue-collar,787
*,entrepreneur,0
*,blue-collar,3060
*,services,5780
*,technician,790
*,unemployed,1449
*,technician,1412
*,student,681
*,entrepreneur,228
*,admin.,0
*,technician,2087
*,entrepreneur,2
*,technician,197
*,services,0
*,blue-collar,1905
*,technician,118
*,entrepreneur,2644
*,self-employed,16430
*,technician,13
*,services,14
*,technician,769
*,admin.,3485
*,management,139
*,services,202
*,technician,6
*,management,2515
*,management,5195
*,management,2098
*,management,320
*,management,3431
*,admin.,50
*,housemaid,370
*,blue-collar,-182
*,self-employed,1623
*,entrepreneur,13342
*,retired,6570
*,admin.,225
*,management,-665
*,management,0
*,services,54
*,blue-collar,46
*,self-employed,2
*,blue-collar,103
*,admin.,883
*,services,55
*,admin.,8238
*,blue-collar,913
*,blue-collar,595
*,technician,7
*,technician,1661
*,management,102
*,services,338
*,management,3132
*,admin.,490
*,management,2682
*,services,0
*,unemployed,596
*,blue-collar,2059
*,admin.,132
*,management,0
*,blue-collar,385
*,management,223
*,management,0
*,services,512
*,entrepreneur,1169
*,management,71
*,management,940
*,technician,-80
*,technician,0
*,unknown,1317
*,admin.,179
*,management,1007
*,management,0
*,services,1286
*,services,804
*,student,4
*,blue-collar,0
*,services,417
*,blue-collar,1678
*,services,532
*,management,407
*,management,659
*,blue-collar,393
*,admin.,661
*,services,0
*,management,838
*,services,195
*,entrepreneur,68
*,technician,-242
*,management,321
*,services,3403
*,blue-collar,8
*,blue-collar,739
*,unemployed,622
*,services,152
*,technician,2
*,blue-collar,1439
*,blue-collar,1491
*,technician,6402
*,unemployed,1210
*,management,122
*,student,0
*,management,62
*,services,3333
*,technician,16992
*,blue-collar,23
*,admin.,0
*,technician,6072
*,retired,366
*,management,0
*,management,1343
*,entrepreneur,2105
*,unknown,2319
*,services,35
*,management,877
*,blue-collar,30
*,entrepreneur,-2082
*,retired,89
*,self-employed,104
*,management,1750
*,management,772
*,technician,1048
*,entrepreneur,592
*,technician,0
*,services,3064
*,services,33
*,blue-collar,0
*,admin.,1649
*,housemaid,287
*,technician,0
*,housemaid,419
*,services,257
*,technician,118
*,management,251
*,management,1731
*,management,0
*,technician,23
*,blue-collar,-386
*,self-employed,5498
*,management,5063
*,blue-collar,7041
*,entrepreneur,654
*,management,1890
*,unemployed,2400
*,blue-collar,519
*,technician,1190
*,services,229
*,student,203
*,technician,1818
*,unemployed,1289
*,technician,39
*,retired,796
*,admin.,57
*,management,1548
*,technician,117
*,admin.,0
*,management,691
*,blue-collar,64
*,technician,0
*,admin.,957
*,technician,118
*,technician,218
*,management,724
*,housemaid,20
*,blue-collar,-28
*,blue-collar,665
*,student,5
*,management,925
*,blue-collar,2519
*,admin.,3927
*,management,401
*,management,581
*,technician,1327
*,unemployed,3242
*,technician,3163
*,unemployed,32
*,admin.,310
*,housemaid,0
*,blue-collar,155
*,services,11386
*,services,1380
*,blue-collar,2443
*,technician,1129
*,unemployed,4232
*,self-employed,5564
*,services,-402
*,admin.,1323
*,retired,1623
*,technician,1042
*,student,2488
*,admin.,865
*,technician,-1053
*,management,1667
*,admin.,975
*,technician,2571
*,unknown,732
*,admin.,769
*,technician,-136
*,admin.,3636
*,management,931
*,housemaid,565
*,blue-collar,271
*,self-employed,1153
*,management,-73
*,unknown,558
*,unknown,137
*,technician,700
*,retired,-966
*,admin.,96
*,retired,4007
*,management,567
*,technician,40
*,admin.,136
*,self-employed,917
*,management,593
*,blue-collar,505
*,blue-collar,2542
*,management,5355
*,student,807
*,retired,9976
*,admin.,0
*,management,540
*,blue-collar,280
*,management,-59
*,admin.,-517
*,unemployed,2613
*,student,-7
*,blue-collar,0
*,retired,-200
*,retired,2301
*,housemaid,104
*,blue-collar,191
*,technician,694
*,admin.,212
*,management,1882
*,blue-collar,131
*,technician,175
*,technician,0
*,management,4425
*,unemployed,3533
*,blue-collar,3573
*,management,476
*,blue-collar,1257
*,blue-collar,23
*,management,0
*,services,398
*,blue-collar,745
*,management,8106
*,management,0
*,retired,696
*,unemployed,1266
*,management,2416
*,housemaid,25
*,student,7513
*,entrepreneur,29
*,blue-collar,5116
*,management,-1746
*,technician,14
*,management,4148
*,self-employed,14
*,admin.,105
*,management,767
*,admin.,0
*,management,-228
*,services,508
*,management,725
*,blue-collar,41
*,management,184
*,management,251
*,management,-17
*,services,-19
*,management,1064
*,blue-collar,777
*,unemployed,377
*,admin.,479
*,technician,-375
*,retired,796
*,technician,17
*,blue-collar,1071
*,admin.,0
*,admin.,7378
*,admin.,865
*,technician,-701
*,blue-collar,817
*,student,1387
*,blue-collar,0
*,retired,2917
*,technician,4541
*,technician,0
*,blue-collar,4287
*,admin.,242
*,blue-collar,171
*,services,259
*,blue-collar,827
*,services,469
*,blue-collar,2226
*,technician,0
*,management,477
*,services,42
*,management,775
*,blue-collar,9
*,technician,2557
*,management,2395
*,management,4895
*,blue-collar,376
*,management,389
*,management,134
*,entrepreneur,1273
*,services,0
*,management,2892
*,technician,0
*,management,295
*,admin.,292
*,services,85
*,technician,4
*,blue-collar,-587
*,blue-collar,367
*,management,-1224
*,management,959
*,management,0
*,blue-collar,-589
*,management,-8
*,management,0
*,management,247
*,technician,5543
*,blue-collar,642
*,retired,11
*,management,-226
*,entrepreneur,5191
*,blue-collar,-320
*,entrepreneur,2289
*,admin.,725
*,technician,705
*,blue-collar,776
*,unemployed,816
*,services,171
*,services,812
*,services,823
*,technician,1453
*,blue-collar,431
*,admin.,1009
*,self-employed,286
*,entrepreneur,22370
*,blue-collar,2111
*,blue-collar,5366
*,technician,181
*,blue-collar,-452
*,unemployed,1770
*,retired,0
*,admin.,-296
*,management,2358
*,management,1200
*,housemaid,109
*,technician,616
*,services,4906
*,self-employed,313
*,blue-collar,290
*,management,1240
*,admin.,3672
*,retired,19
*,blue-collar,143
*,retired,212
*,management,9
*,blue-collar,3074
*,management,1734
*,management,575
*,blue-collar,397
*,blue-collar,640
*,services,158
*,management,2984
*,entrepreneur,1011
*,blue-collar,0
*,management,1133
*,technician,4945
*,technician,712
*,services,-427
*,admin.,2146
*,admin.,92
*,unemployed,10
*,retired,1238
*,admin.,981
*,entrepreneur,575
*,admin.,-70
*,student,3733
*,management,574
*,blue-collar,43
*,management,428
*,housemaid,0
*,admin.,0
*,management,474
*,services,-540
*,self-employed,560
*,management,325
*,management,437
*,blue-collar,574
*,retired,0
*,retired,935
*,services,699
*,admin.,0
*,blue-collar,-220
*,services,11417
*,housemaid,212
*,blue-collar,67
*,admin.,0
*,blue-collar,0
*,technician,1673
*,services,-1202
*,management,4213
*,blue-collar,0
*,blue-collar,1521
*,management,1310
*,admin.,0
*,management,399
*,technician,405
*,management,9756
*,management,2506
*,management,697
*,blue-collar,403
*,retired,890
*,technician,809
*,housemaid,158
*,student,137
*,housemaid,2705
*,blue-collar,75
*,management,2457
*,management,541
*,management,287
*,management,273
*,services,0
*,unknown,677
*,self-employed,340
*,technician,98
*,technician,477
*,management,2629
*,housemaid,0
*,technician,2325
*,services,-20
*,technician,230
*,management,-852
*,blue-collar,-280
*,blue-collar,25
*,technician,9851
*,services,5095
*,technician,687
*,management,1368
*,blue-collar,-179
*,admin.,-396
*,blue-collar,1011
*,self-employed,9
*,blue-collar,1159
*,technician,-322
*,technician,1114
*,services,2072
*,entrepreneur,459
*,unknown,1157
*,blue-collar,8309
*,technician,1043
*,technician,2098
*,unemployed,461
*,technician,61
*,blue-collar,1203
*,technician,1067
*,unemployed,0
*,management,1657
*,technician,1219
*,technician,7
*,blue-collar,-839
*,technician,994
*,entrepreneur,6
*,technician,0
*,blue-collar,8627
*,management,133
*,blue-collar,247
*,services,1114
*,blue-collar,1592
*,retired,0
*,admin.,46
*,blue-collar,1221
*,management,985
*,blue-collar,0
*,management,520
*,services,10
*,blue-collar,2157
*,retired,6095
*,retired,133
*,self-employed,1121
*,services,88
*,admin.,0
*,management,-328
*,unemployed,610
*,management,414
*,management,0
*,self-employed,0
*,blue-collar,685
*,management,22856
*,services,-352
*,blue-collar,602
*,management,-588
*,student,302
*,blue-collar,5314
*,technician,64
*,technician,632
*,technician,5731
*,technician,902
*,blue-collar,6307
*,management,112
*,services,0
*,admin.,621
*,technician,435
*,technician,782
*,blue-collar,478
*,services,7864
*,blue-collar,1910
*,technician,1174
*,admin.,1270
*,management,18
*,blue-collar,141
*,management,2886
*,technician,2715
*,technician,1100
*,blue-collar,516
*,services,1
*,admin.,775
*,unknown,634
*,blue-collar,5715
*,admin.,1088
*,entrepreneur,1532
*,retired,75
*,technician,103
*,blue-collar,134
*,admin.,748
*,technician,1990
*,technician,192
*,technician,267
*,technician,586
*,blue-collar,648
*,entrepreneur,25
*,admin.,96
*,management,1116
*,technician,-90
*,entrepreneur,170
*,technician,3665
*,management,2380
*,blue-collar,179
*,management,763
*,services,320
*,technician,1960
*,blue-collar,818
*,admin.,2678
*,admin.,1980
*,management,1582
*,retired,62
*,housemaid,235
*,management,489
*,self-employed,3931
*,blue-collar,699
*,technician,58
*,housemaid,1327
*,services,557
*,technician,741
*,management,3230
*,management,1439
*,admin.,120
*,management,1058
*,blue-collar,881
*,technician,6728
*,retired,462
*,self-employed,167
*,entrepreneur,1574
*,technician,1625
*,management,562
*,technician,9305
*,technician,35
*,management,0
*,management,2486
*,services,368
*,management,1558
*,blue-collar,8627
*,management,2590
*,management,0
*,technician,900
*,management,385
*,blue-collar,1649
*,housemaid,9228
*,admin.,0
*,unemployed,1
*,services,771
*,services,280
*,retired,46
*,management,2431
*,retired,308
*,management,160
*,blue-collar,555
*,technician,778
*,blue-collar,48
*,admin.,169
*,services,12
*,housemaid,848
*,management,481
*,services,12223
*,blue-collar,-254
*,self-employed,1148
*,admin.,5
*,services,50
*,blue-collar,92
*,technician,470
*,technician,0
*,unemployed,109
*,services,440
*,management,0
*,services,2685
*,admin.,-3
*,management,7007
*,admin.,220
*,retired,1548
*,blue-collar,326
*,technician,0
*,blue-collar,123
*,management,697
*,services,223
*,student,1694
*,management,4446
*,management,894
*,technician,202
*,management,0
*,technician,1707
*,technician,13658
*,admin.,406
*,services,96
*,housemaid,0
*,technician,-276
*,retired,413
*,blue-collar,655
*,retired,694
*,admin.,10218
*,technician,1646
*,admin.,14
*,management,7635
*,blue-collar,9
*,management,1029
*,admin.,2855
*,admin.,260
*,blue-collar,2039
*,blue-collar,-97
*,blue-collar,1465
*,blue-collar,125
*,technician,930
*,management,0
*,blue-collar,73
*,retired,-35
*,management,1351
*,services,1601
*,services,88
*,services,435
*,unemployed,717
*,services,705
*,technician,1553
*,blue-collar,-131
*,technician,1191
*,admin.,47
*,technician,544
*,blue-collar,688
*,management,242
*,student,118
*,admin.,-388
*,self-employed,1603
*,management,1511
*,blue-collar,147
*,entrepreneur,836
*,technician,55
*,admin.,1123
*,student,691
*,services,0
*,technician,12531
*,management,552
*,housemaid,0
*,services,309
*,services,33
*,blue-collar,681
*,blue-collar,1787
*,retired,14220
*,management,12569
*,blue-collar,4
*,blue-collar,3587
*,management,254
*,blue-collar,1712
*,blue-collar,4855
*,technician,2408
*,management,252
*,blue-collar,346
*,admin.,45
*,admin.,556
*,management,-710
*,technician,-551
*,blue-collar,56
*,entrepreneur,1514
*,management,178
*,technician,359
*,retired,1580
*,blue-collar,221
*,technician,1161
*,retired,1278
*,admin.,982
*,technician,16
*,management,1
*,services,128
*,entrepreneur,2543
*,entrepreneur,42045
*,blue-collar,828
*,management,0
*,housemaid,3940
*,blue-collar,125
*,management,140
*,technician,593
*,self-employed,746
*,technician,589
*,management,2343
*,management,294
*,admin.,644
*,management,-26
*,services,3354
*,management,23
*,admin.,7
*,admin.,3735
*,self-employed,2094
*,blue-collar,508
*,management,0
*,blue-collar,93
*,technician,0
*,services,26394
*,services,-11
*,technician,523
*,technician,-74
*,management,0
*,technician,122
*,blue-collar,351
*,self-employed,35
*,technician,2610
*,services,64
*,blue-collar,60
*,blue-collar,342
*,blue-collar,1830
*,management,1904
*,management,16957
*,management,26
*,management,0
*,admin.,79
*,blue-collar,2303
*,blue-collar,65
*,management,332
*,technician,-399
*,technician,-54
*,services,-102
*,unemployed,4809
*,retired,279
*,technician,11
*,services,2201
*,retired,8044
*,admin.,2374
*,admin.,92
*,housemaid,443
*,blue-collar,1397
*,entrepreneur,7
*,technician,3177
*,blue-collar,232
*,management,81
*,services,414
*,student,1433
*,technician,187
*,management,0
*,housemaid,4610
*,blue-collar,1429
*,services,334
*,services,2
*,services,500
*,technician,43
*,technician,4030
*,housemaid,306
*,admin.,0
*,retired,168
*,entrepreneur,210
*,blue-collar,518
*,management,1696
*,services,-31
*,blue-collar,856
*,management,318
*,self-employed,64
*,blue-collar,800
*,technician,75
*,technician,347
*,management,2366
*,retired,701
*,entrepreneur,475
*,blue-collar,3285
*,blue-collar,925
*,entrepreneur,128
*,blue-collar,1587
*,technician,879
*,services,478
*,technician,280
*,blue-collar,1868
*,unemployed,819
*,blue-collar,4646
*,self-employed,27
*,blue-collar,736
*,management,224
*,technician,2544
*,blue-collar,427
*,management,2764
*,blue-collar,376
*,management,523
*,entrepreneur,71
*,retired,3948
*,services,1810
*,technician,994
*,services,52
*,blue-collar,11
*,technician,0
*,retired,747
*,blue-collar,2657
*,retired,313
*,admin.,61
*,admin.,2557
*,services,0
*,services,10
*,services,658
*,blue-collar,1679
*,management,0
*,technician,841
*,management,0
*,management,1160
*,admin.,-37
*,services,94
*,self-employed,585
*,self-employed,235
*,blue-collar,2145
*,services,1464
*,technician,232
*,technician,187
*,management,12
*,blue-collar,318
*,services,405
*,management,334
*,admin.,0
*,blue-collar,2
*,technician,966
*,blue-collar,195
*,blue-collar,0
*,unemployed,0
*,housemaid,260
*,self-employed,451
*,blue-collar,3242
*,self-employed,8515
*,management,1808
*,blue-collar,20
*,blue-collar,3068
*,management,23
*,technician,1076
*,retired,1060
*,admin.,678
*,blue-collar,1147
*,blue-collar,-630
*,management,459
*,technician,976
*,housemaid,357
*,unemployed,-9
*,admin.,1927
*,services,500
*,technician,9146
*,entrepreneur,59
*,housemaid,0
*,blue-collar,328
*,management,291
*,technician,-703
*,admin.,589
*,blue-collar,6053
*,admin.,1142
*,admin.,725
*,management,802
*,technician,556
*,admin.,191
*,technician,373
*,technician,6164
*,management,37
*,blue-collar,1156
*,entrepreneur,806
*,admin.,2381
*,services,-314
*,blue-collar,285
*,blue-collar,1199
*,management,481
*,technician,137
*,blue-collar,168
*,admin.,156
*,admin.,4745
*,management,11797
*,admin.,786
*,technician,4015
*,services,0
*,blue-collar,331
*,blue-collar,1554
*,services,132
*,management,5086
*,admin.,529
*,management,4824
*,retired,474
*,admin.,86
*,blue-collar,2281
*,services,186
*,blue-collar,137
*,technician,6968
*,retired,86
*,management,81
*,services,6904
*,self-employed,137
*,student,25
*,management,759
*,housemaid,1922
*,student,3298
*,retired,764
*,retired,8556
*,blue-collar,3514
*,services,0
*,retired,680
*,housemaid,0
*,management,2819
*,blue-collar,-518
*,services,60
*,management,732
*,technician,2707
*,technician,177
*,admin.,13229
*,blue-collar,-204
*,technician,990
*,blue-collar,648
*,technician,50
*,entrepreneur,1916
*,retired,763
*,blue-collar,470
*,technician,0
*,blue-collar,5739
*,management,0
*,management,-375
*,unemployed,157
*,management,1518
*,management,1343
*,management,-401
*,management,5310
*,blue-collar,2285
*,admin.,22171
*,management,856
*,student,1169
*,management,3797
*,blue-collar,53
*,blue-collar,2519
*,entrepreneur,795
*,admin.,0
*,blue-collar,2087
*,technician,34
*,technician,5
*,technician,15
*,management,390
*,management,712
*,admin.,2600
*,blue-collar,-241
*,blue-collar,1545
*,retired,1026
*,housemaid,435
*,technician,876
*,blue-collar,1801
*,management,2278
*,blue-collar,157
*,admin.,1327
*,blue-collar,284
*,management,495
*,admin.,1588
*,services,0
*,management,428
*,admin.,542
*,blue-collar,66
*,blue-collar,314
*,management,24
*,management,613
*,retired,1467
*,blue-collar,192
*,management,321
*,blue-collar,788
*,blue-collar,48
*,blue-collar,262
*,blue-collar,4438
*,services,5045
*,blue-collar,3014
*,management,21664
*,management,5878
*,entrepreneur,2723
*,management,576
*,entrepreneur,0
*,blue-collar,2197
*,blue-collar,104
*,technician,1279
*,admin.,295
*,blue-collar,2128
*,admin.,367
*,management,1477
*,blue-collar,71
*,admin.,127
*,unemployed,2921
*,management,16264
*,retired,1672
*,technician,9207
*,technician,356
*,management,133
*,management,1217
*,technician,202
*,blue-collar,590
*,self-employed,442
*,technician,808
*,management,427
*,technician,431
*,services,4256
*,management,0
*,services,238
*,retired,846
*,blue-collar,3
*,admin.,693
*,student,0
*,management,362
*,technician,618
*,technician,2893
*,retired,230
*,management,1287
*,services,179
*,self-employed,980
*,admin.,79
*,admin.,3043
*,management,808
*,retired,745
*,student,1309
*,management,290
*,blue-collar,1792
*,blue-collar,178
*,management,0
*,management,537
*,blue-collar,416
*,blue-collar,1472
*,management,3953
*,management,112
*,management,13204
*,blue-collar,0
*,management,2240
*,management,22546
*,admin.,0
*,unemployed,23
*,blue-collar,228
*,self-employed,215
*,blue-collar,23
*,management,293
*,blue-collar,0
*,entrepreneur,199
*,admin.,459
*,unemployed,8131
*,services,-378
*,blue-collar,395
*,technician,10787
*,admin.,865
*,management,340
*,blue-collar,1882
*,management,265
*,admin.,389
*,admin.,0
*,management,384
*,management,94
*,management,1471
*,blue-collar,937
*,technician,500
*,blue-collar,25
*,management,365
*,unemployed,34
*,retired,429
*,technician,6839
*,student,6
*,blue-collar,467
*,self-employed,1876
*,entrepreneur,1847
*,unknown,247
*,admin.,897
*,services,4664
*,self-employed,1291
*,student,64
*,unemployed,-471
*,management,1160
*,admin.,14
*,blue-collar,26
*,blue-collar,452
*,blue-collar,382
*,admin.,2033
*,unemployed,0
*,admin.,789
*,blue-collar,142
*,admin.,645
*,blue-collar,897
*,blue-collar,103
*,admin.,847
*,unknown,0
*,blue-collar,517
*,technician,1308
*,services,66
*,management,361
*,entrepreneur,66
*,blue-collar,70
*,services,180
*,technician,279
*,services,4
*,entrepreneur,1416
*,admin.,465
*,admin.,998
*,technician,550
*,management,1285
*,services,4908
*,unemployed,336
*,management,131
*,management,348
*,self-employed,453
*,admin.,1102
*,admin.,926
*,management,502
*,management,8669
*,blue-collar,316
*,management,9324
*,management,0
*,admin.,72
*,self-employed,61
*,technician,173
*,services,-162
*,management,47
*,services,1983
*,blue-collar,326
*,admin.,2552
*,management,1283
*,housemaid,2179
*,self-employed,1047
*,blue-collar,36
*,technician,-308
*,management,1177
*,self-employed,2077
*,entrepreneur,0
*,self-employed,1
*,blue-collar,7735
*,technician,1922
*,student,153
*,blue-collar,2770
*,management,139
*,management,21
*,technician,178
*,blue-collar,444
*,services,209
*,blue-collar,3096
*,admin.,5320
*,services,4885
*,admin.,0
*,unemployed,5462
*,blue-collar,6767
*,technician,2974
*,technician,427
*,services,8876
*,management,146
*,retired,319
*,unemployed,304
*,blue-collar,389
*,management,766
*,admin.,0
*,technician,3107
*,admin.,174
*,technician,-305
*,self-employed,670
*,management,6164
*,retired,2850
*,services,79
*,services,110
*,technician,5039
*,blue-collar,360
*,admin.,199
*,self-employed,238
*,blue-collar,5092
*,admin.,1088
*,management,221
*,blue-collar,889
*,blue-collar,750
*,technician,0
*,blue-collar,1291
*,technician,1844
*,management,89
*,admin.,4280
*,technician,0
*,blue-collar,625
*,technician,574
*,management,320
*,technician,468
*,services,440
*,unemployed,0
*,retired,5706
*,management,7780
*,management,-559
*,entrepreneur,16874
*,retired,1987
*,entrepreneur,98
*,self-employed,642
*,blue-collar,526
*,management,6483
*,management,2306
*,blue-collar,954
*,management,-679
*,blue-collar,-1
*,retired,2590
*,management,331
*,admin.,4209
*,services,462
*,self-employed,0
*,technician,0
*,management,151
*,management,883
*,services,266
*,management,0
*,technician,491
*,management,3
*,blue-collar,198
*,housemaid,14363
*,technician,0
*,technician,136
*,management,28
*,management,335
*,housemaid,174
*,unemployed,270
*,management,1206
*,housemaid,198
*,technician,914
*,self-employed,31
*,technician,0
*,management,347
*,management,860
*,technician,89
*,technician,0
*,services,0
*,admin.,68
*,technician,-149
*,services,2411
*,management,225
*,unknown,2731
*,management,112
*,management,0
*,services,3620
*,blue-collar,179
*,admin.,1544
*,blue-collar,199
*,blue-collar,231
*,admin.,76
*,unemployed,302
*,admin.,189
*,retired,565
*,entrepreneur,310
*,services,1746
*,technician,6
*,unemployed,-110
*,retired,2749
*,management,6495
*,blue-collar,35
*,admin.,-650
*,blue-collar,292
*,housemaid,5774
*,management,2416
*,retired,35
*,retired,19317
*,technician,50
*,blue-collar,-674
*,technician,3726
*,retired,1180
*,self-employed,6610
*,admin.,319
*,blue-collar,1545
*,technician,1315
*,technician,424
*,blue-collar,151
*,technician,-970
*,services,-762
*,services,181
*,blue-collar,-120
*,admin.,1022
*,management,78
*,technician,209
*,admin.,2469
*,technician,0
*,blue-collar,328
*,housemaid,0
*,self-employed,307
*,management,1384
*,management,0
*,technician,719
*,management,0
*,entrepreneur,6704
*,self-employed,4543
*,management,0
*,management,149
*,blue-collar,-1400
*,entrepreneur,-118
*,blue-collar,2160
*,management,3452
*,technician,842
*,management,3576
*,unemployed,1666
*,technician,0
*,services,0
*,blue-collar,1628
*,services,51
*,blue-collar,447
*,admin.,396
*,housemaid,4994
*,admin.,3215
*,blue-collar,2814
*,technician,0
*,blue-collar,293
*,technician,474
*,blue-collar,16178
*,technician,0
*,management,88
*,services,308
*,retired,1164
*,management,13893
*,management,0
*,technician,-435
*,technician,389
*,management,356
*,technician,2718
*,retired,261
*,admin.,757
*,management,16
*,blue-collar,-422
*,admin.,248
*,technician,145
*,retired,598
*,management,949
*,technician,614
*,blue-collar,1209
*,self-employed,202
*,blue-collar,1840
*,technician,114
*,services,-229
*,services,182
*,blue-collar,401
*,technician,759
*,retired,4194
*,student,0
*,technician,629
*,retired,153
*,management,553
*,management,1057
*,retired,78
*,technician,-28
*,management,929
*,blue-collar,428
*,student,268
*,management,83
*,admin.,998
*,admin.,2223
*,blue-collar,6
*,blue-collar,312
*,management,0
*,technician,691
*,management,771
*,self-employed,192
*,retired,0
*,admin.,1070
*,services,84
*,management,2
*,management,1242
*,student,5969
*,admin.,3337
*,services,1347
*,technician,64
*,management,249
*,technician,0
*,blue-collar,128
*,blue-collar,196
*,technician,351
*,services,5533
*,services,38
*,management,35
*,technician,235
*,admin.,30
*,blue-collar,92
*,blue-collar,67
*,blue-collar,4022
*,entrepreneur,3057
*,management,0
*,management,349
*,services,2322
*,entrepreneur,167
*,management,558
*,services,-230
*,unemployed,4094
*,blue-collar,239
*,management,497
*,blue-collar,179
*,admin.,305
*,management,-67
*,admin.,4539
*,blue-collar,770
*,unemployed,-673
*,technician,858
*,housemaid,0
*,management,5244
*,blue-collar,117
*,self-employed,846
*,management,0
*,management,1331
*,services,31
*,admin.,179
*,blue-collar,543
*,blue-collar,253
*,retired,71188
*,management,5108
*,blue-collar,1738
*,blue-collar,-97
*,blue-collar,199
*,management,489
*,admin.,355
*,technician,-97
*,management,473
*,entrepreneur,6649
*,self-employed,263
*,blue-collar,781
*,blue-collar,1032
*,blue-collar,119
*,management,434
*,admin.,2967
*,retired,-331
*,management,1585
*,services,4384
*,management,588
*,management,3180
*,admin.,0
*,self-employed,-76
*,services,152
*,housemaid,1040
*,unemployed,-384
*,technician,473
*,technician,475
*,technician,0
*,entrepreneur,149
*,technician,3285
*,retired,424
*,blue-collar,79
*,technician,674
*,services,0
*,unemployed,58
*,technician,532
*,retired,4130
*,blue-collar,422
*,management,437
*,blue-collar,-308
*,housemaid,30
*,self-employed,137
*,admin.,-247
*,admin.,321
*,services,250
*,management,-470
*,blue-collar,140
*,management,2793
*,management,410
*,retired,2628
*,technician,116
*,services,0
*,blue-collar,878
*,management,2944
*,blue-collar,3975
*,services,96
*,technician,2288
*,blue-collar,472
*,services,65
*,management,0
*,admin.,400
*,technician,7495
*,blue-collar,137
*,unemployed,24
*,technician,3450
*,technician,311
*,housemaid,139
*,management,0
*,housemaid,492
*,management,334
*,management,997
*,management,440
*,technician,47
*,blue-collar,1298
*,management,3355
*,blue-collar,-11
*,blue-collar,396
*,management,8
*,blue-collar,1409
*,management,170
*,management,2769
*,blue-collar,2320
*,retired,76
*,technician,2034
*,blue-collar,3018
*,retired,921
*,blue-collar,483
*,self-employed,390
*,management,0
*,blue-collar,92
*,services,22196
*,technician,2
*,housemaid,249
*,unemployed,3274
*,services,5731
*,retired,206
*,technician,2325
*,management,0
*,blue-collar,1664
*,technician,3333
*,technician,7020
*,admin.,37
*,student,28
*,admin.,1670
*,entrepreneur,134
*,retired,603
*,admin.,276
*,technician,2157
*,blue-collar,161
*,blue-collar,3658
*,management,-402
*,blue-collar,3342
*,self-employed,1732
*,admin.,263
*,management,623
*,admin.,3540
*,admin.,95
*,services,765
*,technician,-824
*,management,5549
*,blue-collar,191
*,blue-collar,420
*,admin.,0
*,technician,2706
*,technician,4
*,admin.,423
*,management,-892
*,blue-collar,-120
*,admin.,-365
*,technician,27069
*,management,8038
*,technician,-938
*,admin.,1139
*,self-employed,189
*,housemaid,19
*,technician,3663
*,blue-collar,0
*,blue-collar,-614
*,technician,2323
*,blue-collar,425
*,technician,5122
*,management,608
*,unknown,341
*,admin.,607
*,blue-collar,1495
*,admin.,381
*,unemployed,385
*,management,1274
*,blue-collar,362
*,blue-collar,377
*,admin.,802
*,admin.,194
*,technician,-315
*,technician,1843
*,technician,-9
*,housemaid,83
*,entrepreneur,433
*,admin.,-107
*,blue-collar,4503
*,services,51
*,services,961
*,retired,49
*,technician,3470
*,technician,-147
*,services,0
*,blue-collar,0
*,management,172
*,admin.,-407
*,management,649
*,blue-collar,1040
*,unemployed,142
*,services,209
*,management,3304
*,student,294
*,housemaid,4848
*,blue-collar,1670
*,unknown,367
*,blue-collar,13683
*,admin.,1420
*,management,340
*,technician,1679
*,management,1198
*,admin.,169
*,self-employed,506
*,entrepreneur,1249
*,management,678
*,management,212
*,technician,23
*,management,4402
*,services,459
*,self-employed,4722
*,admin.,1555
*,blue-collar,61
*,management,0
*,technician,3706
*,blue-collar,1177
*,management,2096
*,blue-collar,748
*,management,3357
*,admin.,3809
*,admin.,395
*,blue-collar,1011
*,blue-collar,420
*,admin.,76
*,blue-collar,0
*,blue-collar,844
*,management,1318
*,technician,167
*,management,2187
*,admin.,14440
*,management,2294
*,management,80
*,management,2537
*,technician,569
*,management,0
*,entrepreneur,0
*,technician,12
*,technician,49
*,housemaid,460
*,technician,613
*,entrepreneur,7944
*,blue-collar,1143
*,retired,-464
*,services,1989
*,technician,17
*,retired,-1
*,management,1698
*,blue-collar,5306
*,housemaid,0
*,retired,1679
*,admin.,3676
*,management,-242
*,services,471
*,management,8902
*,management,1704
*,management,3050
*,housemaid,2581
*,services,162
*,blue-collar,243
*,student,1847
*,blue-collar,0
*,management,3371
*,services,1757
*,management,171
*,entrepreneur,157
*,admin.,934
*,blue-collar,-19
*,management,-55
*,housemaid,21
*,blue-collar,14
*,technician,246
*,blue-collar,887
*,management,51
*,services,-287
*,services,0
*,self-employed,2734
*,entrepreneur,52
*,management,2594
*,retired,22
*,technician,1611
*,admin.,18
*,blue-collar,1331
*,unknown,7337
*,management,835
*,retired,5092
*,technician,52
*,technician,10655
*,management,1831
*,self-employed,92
*,management,586
*,blue-collar,1758
*,self-employed,2061
*,technician,959
*,retired,208
*,services,-315
*,management,-13
*,admin.,801
*,retired,1948
*,management,751
*,blue-collar,784
*,blue-collar,24
*,management,72
*,technician,1871
*,services,1378
*,blue-collar,188
*,unknown,6836
*,services,61
*,admin.,-967
*,blue-collar,462
*,unknown,0
*,admin.,5527
*,admin.,1287
*,management,17361
*,entrepreneur,1956
*,blue-collar,0
*,management,-294
*,technician,275
*,management,724
*,services,27
*,admin.,26
*,technician,191
*,technician,-123
*,student,-147
*,technician,179
*,blue-collar,1086
*,blue-collar,471
*,entrepreneur,105
*,entrepreneur,1588
*,housemaid,70
*,blue-collar,2700
*,technician,1602
*,admin.,0
*,technician,839
*,admin.,21515
*,technician,5902
*,management,547
*,self-employed,3800
*,technician,261
*,technician,0
*,management,-34
*,blue-collar,9328
*,admin.,5
*,unemployed,3529
*,blue-collar,2330
*,blue-collar,1334
*,self-employed,3601
*,technician,265
*,admin.,2227
*,self-employed,487
*,blue-collar,0
*,services,174
*,retired,14412
*,management,3288
*,technician,57
*,technician,2246
*,technician,4441
*,management,0
*,unknown,353
*,blue-collar,448
*,entrepreneur,27
*,blue-collar,474
*,technician,1185
*,services,282
*,blue-collar,2
*,technician,60
*,self-employed,3972
*,retired,26452
*,admin.,818
*,services,9374
*,technician,47
*,retired,279
*,unemployed,20
*,admin.,360
*,technician,1532
*,management,1673
*,services,2420
*,blue-collar,100
*,admin.,0
*,technician,1533
*,admin.,296
*,blue-collar,2788
*,management,109
*,technician,485
*,technician,125
*,retired,616
*,services,3064
*,technician,206
*,blue-collar,6900
*,services,-179
*,services,481
*,admin.,12
*,blue-collar,0
*,management,176
*,management,4086
*,technician,257
*,blue-collar,53
*,blue-collar,6
*,management,562
*,entrepreneur,-118
*,blue-collar,2805
*,management,565
*,blue-collar,0
*,management,1612
*,unemployed,180
*,management,0
*,management,876
*,admin.,2137
*,blue-collar,260
*,blue-collar,-53
*,management,944
*,technician,2394
*,technician,297
*,retired,2144
*,technician,969
*,technician,0
*,entrepreneur,37
*,technician,410
*,technician,1211
*,management,71
*,management,436
*,blue-collar,559
*,management,1170
*,management,25
*,services,1325
*,entrepreneur,0
*,technician,647
*,blue-collar,2142
*,retired,639
*,blue-collar,177
*,management,236
*,services,1959
*,admin.,96
*,self-employed,0
*,blue-collar,250
*,technician,126
*,retired,1621
*,student,8
*,self-employed,189
*,retired,316
*,self-employed,-282
*,management,-308
*,technician,248
*,blue-collar,126
*,self-employed,13
*,technician,-393
*,services,358
*,technician,917
*,admin.,1268
*,technician,-163
*,management,473
*,management,4831
*,technician,1063
*,management,0
*,blue-collar,424
*,unemployed,802
*,management,430
*,unknown,3940
*,housemaid,2880
*,blue-collar,1069
*,self-employed,4382
*,management,0
*,technician,3939
*,self-employed,753
*,blue-collar,358
*,blue-collar,1141
*,technician,1259
*,services,227
*,entrepreneur,538
*,management,92
*,technician,8023
*,services,2478
*,student,6844
*,technician,440
*,self-employed,800
*,unknown,914
*,entrepreneur,638
*,retired,159
*,blue-collar,483
*,unemployed,94
*,retired,1044
*,self-employed,0
*,technician,401
*,services,33
*,blue-collar,506
*,management,1881
*,technician,344
*,blue-collar,0
*,admin.,3
*,services,221
*,self-employed,36
*,blue-collar,969
*,services,760
*,admin.,220
*,management,10907
*,student,-148
*,blue-collar,415
*,management,1341
*,blue-collar,865
*,blue-collar,-566
*,services,210
*,technician,1275
*,blue-collar,579
*,technician,2934
*,management,6637
*,management,271
*,technician,0
*,services,472
*,blue-collar,487
*,technician,699
*,blue-collar,150
*,management,1130
*,management,584
*,services,3186
*,services,133
*,housemaid,868
*,blue-collar,480
*,blue-collar,1883
*,management,606
*,blue-collar,603
*,management,548
*,unemployed,-872
*,blue-collar,33
*,management,1689
*,blue-collar,902
*,services,0
*,student,260
*,technician,589
*,technician,626
*,services,0
*,blue-collar,78
*,blue-collar,3792
*,blue-collar,14058
*,technician,-522
*,student,386
*,unemployed,1978
*,admin.,459
*,unemployed,2812
*,management,5057
*,housemaid,-759
*,blue-collar,-416
*,technician,2106
*,management,220
*,blue-collar,0
*,retired,426
*,unknown,4717
*,blue-collar,395
*,blue-collar,0
*,blue-collar,-206
*,self-employed,6
*,management,4039
*,services,687
*,technician,-242
*,management,582
*,blue-collar,8218
*,management,1424
*,blue-collar,92
*,technician,2085
*,technician,197
*,technician,2305
*,admin.,-547
*,technician,411
*,blue-collar,584
*,management,997
*,admin.,83
*,management,6563
*,services,0
*,management,0
*,blue-collar,398
*,admin.,1145
*,management,2
*,management,201
*,entrepreneur,563
*,management,3161
*,technician,0
*,management,1331
*,housemaid,2929
*,services,-220
*,management,5980
*,services,48
*,housemaid,0
*,retired,3382
*,technician,2308
*,student,10
*,services,162
*,blue-collar,1073
*,services,1700
*,services,148
*,services,0
*,blue-collar,185
*,management,896
*,blue-collar,1279
*,technician,199
*,management,99
*,blue-collar,378
*,management,15
*,admin.,147
*,technician,2225
*,admin.,1810
*,housemaid,-6
*,technician,435
*,management,335
*,admin.,-251
*,services,5
*,self-employed,641
*,admin.,0
*,admin.,722
*,technician,3337
*,technician,0
*,admin.,1504
*,services,35
*,services,895
*,management,752
*,blue-collar,1925
*,services,-246
*,self-employed,901
*,admin.,894
*,blue-collar,592
*,admin.,3529
*,services,0
*,retired,0
*,blue-collar,371
*,blue-collar,1
*,technician,834
*,entrepreneur,298
*,services,306
*,technician,143
*,admin.,186
*,technician,5597
*,services,1547
*,management,1852
*,admin.,1790
*,services,20
*,admin.,8652
*,technician,1626
*,admin.,749
*,blue-collar,51
*,services,-1
*,blue-collar,-32
*,retired,6850
*,technician,333
*,blue-collar,-27
*,blue-collar,932
*,retired,0
*,management,100
*,blue-collar,-626
*,management,9
*,services,653
*,admin.,3608
*,blue-collar,293
*,management,36
*,management,263
*,student,8366
*,management,2186
*,entrepreneur,20453
*,services,105
*,blue-collar,440
*,retired,519
*,management,19447
*,blue-collar,225
*,blue-collar,2548
*,technician,0
*,blue-collar,2284
*,blue-collar,40
*,housemaid,364
*,technician,174
*,technician,10888
*,admin.,0
*,retired,225
*,retired,2131
*,blue-collar,-20
*,management,36
*,blue-collar,2642
*,admin.,400
*,technician,1214
*,management,-292
*,admin.,1415
*,blue-collar,213
*,admin.,2540
*,housemaid,3232
*,management,296
*,management,42
*,technician,697
*,blue-collar,13156
*,retired,1490
*,management,150
*,retired,0
*,management,4210
*,services,1012
*,technician,16063
*,blue-collar,5431
*,services,317
*,technician,4787
*,blue-collar,225
*,services,3854
*,services,92
*,blue-collar,-10
*,blue-collar,-617
*,housemaid,195
*,blue-collar,1172
*,housemaid,0
*,services,0
*,services,-94
*,admin.,609
*,management,4
*,entrepreneur,1121
*,management,355
*,blue-collar,3653
*,retired,1097
*,management,436
*,blue-collar,4795
*,self-employed,266
*,unemployed,3357
*,technician,101
*,blue-collar,10910
*,blue-collar,1568
*,retired,0
*,blue-collar,305
*,retired,31
*,entrepreneur,452
*,admin.,5
*,entrepreneur,7929
*,entrepreneur,39
*,housemaid,267
*,management,4945
*,technician,463
*,unemployed,2116
*,admin.,59
*,blue-collar,131
*,retired,107
*,unemployed,-35
*,technician,230
*,management,2679
*,retired,493
*,services,256
*,blue-collar,-133
*,blue-collar,811
*,unemployed,302
*,management,3529
*,technician,75
*,technician,999
*,management,7845
*,services,260
*,management,2048
*,management,1557
*,services,505
*,admin.,1536
*,self-employed,0
*,blue-collar,439
*,unknown,44
*,management,295
*,blue-collar,190
*,management,3935
*,management,-17
*,technician,175
*,technician,4888
*,technician,40
*,management,4460
*,admin.,98
*,student,330
*,blue-collar,13117
*,management,12877
*,blue-collar,1506
*,management,0
*,technician,775
*,blue-collar,258
*,student,246
*,blue-collar,2146
*,unemployed,304
*,self-employed,360
*,blue-collar,3316
*,management,6880
*,technician,2189
*,blue-collar,5304
*,management,102
*,blue-collar,181
*,management,3953
*,blue-collar,6969
*,management,572
*,admin.,223
*,technician,-396
*,services,164
*,self-employed,2678
*,technician,920
*,services,4554
*,management,623
*,management,967
*,unemployed,1577
*,housemaid,1
*,management,0
*,technician,1166
*,management,3534
*,blue-collar,200
*,technician,4790
*,blue-collar,-237
*,blue-collar,1335
*,management,603
*,management,577
*,management,0
*,admin.,163
*,blue-collar,1158
*,services,642
*,admin.,466
*,technician,119
*,management,3436
*,blue-collar,238
*,blue-collar,378
*,entrepreneur,32
*,unemployed,315
*,management,6945
*,admin.,3496
*,blue-collar,0
*,technician,309
*,technician,0
*,technician,668
*,management,1175
*,blue-collar,363
*,entrepreneur,38
*,management,1183
*,blue-collar,942
*,admin.,4196
*,management,297
*,services,-91
*,self-employed,362
*,blue-collar,1080
*,admin.,620
*,unemployed,-166
*,services,288
*,admin.,642
*,technician,2506
*,technician,566
*,blue-collar,668
*,blue-collar,1100
*,blue-collar,322
*,blue-collar,1205
*,services,473
*,services,-333
*,self-employed,-3313
*,technician,295
*,blue-collar,1137
*,entrepreneur,1136
